jugador_id;nombre;edad;altura_cm;peso_kg;posicion;nacionalidad;salario_eur;contrato_hasta;pie_preferido;equipo_id;equipo
1;Jugador_001;17;191;75;MID;NED;852483;2030;Right;14;Equipo_14
2;Jugador_002;32;187;80;DEF;URU;704885;2028;Right;5;Equipo_05
3;Jugador_003;28;173;89;MID;FRA;1006814;2026;Right;12;Equipo_12
4;Jugador_004;23;190;85;GK;ITA;963864;2028;Right;10;Equipo_10
5;Jugador_005;28;188;76;MID;FRA;933859;2029;Right;14;Equipo_14
6;Jugador_006;24;178;64;FWD;ESP;1242330;2027;Right;8;Equipo_08
7;Jugador_007;26;182;79;MID;GER;880273;2026;Right;6;Equipo_06
8;Jugador_008;23;170;84;DEF;ITA;810534;2027;Left;19;Equipo_19
9;Jugador_009;27;179;68;DEF;URU;1100141;2028;Left;19;Equipo_19
10;Jugador_010;24;178;77;DEF;URU;1247592;2027;Right;18;Equipo_18
11;Jugador_011;26;187;79;MID;NED;967510;2027;Right;15;Equipo_15
12;Jugador_012;23;164;83;MID;NED;1026606;2028;Right;18;Equipo_18
13;Jugador_013;28;183;80;MID;CMR;810630;2026;Right;3;Equipo_03
14;Jugador_014;25;177;69;FWD;GER;952463;2027;Right;19;Equipo_19
15;Jugador_015;32;168;72;DEF;BRA;1501830;2028;Right;7;Equipo_07
16;Jugador_016;31;174;61;MID;ARG;1112316;2029;Left;6;Equipo_06
17;Jugador_017;25;182;90;DEF;ITA;858675;2027;Right;2;Equipo_02
18;Jugador_018;27;180;72;DEF;GER;1037775;2030;Right;14;Equipo_14
19;Jugador_019;26;180;78;DEF;NED;930546;2029;Right;14;Equipo_14
20;Jugador_020;17;199;82;GK;FRA;1318375;2030;Right;7;Equipo_07
21;Jugador_021;27;170;70;MID;FRA;856297;2026;Right;19;Equipo_19
22;Jugador_022;24;176;89;DEF;ESP;818179;2029;Right;11;Equipo_11
23;Jugador_023;23;172;73;DEF;NED;673032;2029;Right;14;Equipo_14
24;Jugador_024;22;188;64;DEF;ITA;1021228;2029;Right;6;Equipo_06
25;Jugador_025;21;187;88;MID;CRO;1171309;2029;Left;7;Equipo_07
26;Jugador_026;24;187;84;MID;ARG;1089808;2026;Right;10;Equipo_10
27;Jugador_027;26;170;81;DEF;GER;559165;2028;Right;8;Equipo_08
28;Jugador_028;22;172;76;DEF;URU;799416;2027;Left;14;Equipo_14
29;Jugador_029;20;181;70;MID;ESP;1180790;2030;Right;15;Equipo_15
30;Jugador_030;21;186;75;MID;NED;1017945;2028;Left;19;Equipo_19
31;Jugador_031;22;163;85;DEF;FRA;567620;2026;Right;14;Equipo_14
32;Jugador_032;20;171;78;FWD;POR;966068;2027;Right;19;Equipo_19
33;Jugador_033;18;179;69;DEF;BRA;753622;2029;Right;20;Equipo_20
34;Jugador_034;27;191;78;DEF;ENG;511345;2027;Right;10;Equipo_10
35;Jugador_035;22;178;78;MID;CMR;831819;2027;Right;1;Equipo_01
36;Jugador_036;21;193;84;DEF;POR;1135674;2026;Right;3;Equipo_03
37;Jugador_037;33;168;81;FWD;ITA;1254978;2030;Right;20;Equipo_20
38;Jugador_038;25;186;80;DEF;BRA;836947;2030;Right;20;Equipo_20
39;Jugador_039;28;169;86;FWD;NED;1562265;2027;Right;9;Equipo_09
40;Jugador_040;25;185;86;MID;CMR;512652;2030;Right;8;Equipo_08
41;Jugador_041;20;172;81;DEF;URU;1169921;2028;Left;5;Equipo_05
42;Jugador_042;28;190;80;GK;FRA;1277566;2030;Right;8;Equipo_08
43;Jugador_043;27;185;80;FWD;CMR;1056905;2028;Right;14;Equipo_14
44;Jugador_044;38;179;77;MID;CRO;305774;2026;Right;14;Equipo_14
45;Jugador_045;29;170;79;DEF;POR;831479;2030;Right;2;Equipo_02
46;Jugador_046;20;180;71;DEF;POR;740877;2030;Right;20;Equipo_20
47;Jugador_047;24;188;73;MID;ARG;950910;2030;Right;13;Equipo_13
48;Jugador_048;24;177;79;MID;ARG;947847;2030;Right;7;Equipo_07
49;Jugador_049;22;190;63;DEF;ENG;884599;2030;Left;15;Equipo_15
50;Jugador_050;27;184;79;MID;ESP;852501;2030;Left;14;Equipo_14
51;Jugador_051;22;164;75;DEF;URU;329636;2029;Left;4;Equipo_04
52;Jugador_052;25;180;71;MID;POR;746970;2030;Right;2;Equipo_02
53;Jugador_053;27;179;69;MID;CRO;1031245;2028;Left;8;Equipo_08
54;Jugador_054;22;192;82;MID;POR;654877;2028;Right;9;Equipo_09
55;Jugador_055;28;184;87;MID;URU;520175;2030;Right;12;Equipo_12
56;Jugador_056;25;175;72;MID;ESP;298787;2027;Right;8;Equipo_08
57;Jugador_057;24;176;68;MID;ARG;760098;2028;Right;14;Equipo_14
58;Jugador_058;23;180;76;MID;ARG;1093414;2029;Both;17;Equipo_17
59;Jugador_059;26;181;76;MID;CMR;1233474;2028;Right;9;Equipo_09
60;Jugador_060;34;188;88;FWD;NED;1663991;2028;Right;2;Equipo_02
61;Jugador_061;26;178;79;MID;CRO;825833;2029;Right;16;Equipo_16
62;Jugador_062;21;183;76;FWD;CRO;1133448;2027;Right;3;Equipo_03
63;Jugador_063;20;177;75;DEF;ENG;643080;2028;Left;11;Equipo_11
64;Jugador_064;23;195;73;DEF;GER;633769;2029;Right;11;Equipo_11
65;Jugador_065;27;176;84;MID;GER;511125;2026;Right;18;Equipo_18
66;Jugador_066;25;178;98;DEF;ESP;560288;2028;Both;20;Equipo_20
67;Jugador_067;35;175;62;DEF;URU;785027;2030;Right;14;Equipo_14
68;Jugador_068;21;173;56;FWD;POR;1436752;2027;Both;3;Equipo_03
69;Jugador_069;30;193;90;GK;CMR;874274;2029;Right;6;Equipo_06
70;Jugador_070;25;182;72;FWD;FRA;1073430;2029;Both;6;Equipo_06
71;Jugador_071;22;178;70;MID;ENG;886354;2030;Left;15;Equipo_15
72;Jugador_072;18;189;72;FWD;ITA;1497936;2029;Right;9;Equipo_09
73;Jugador_073;30;196;88;GK;ARG;934288;2030;Left;16;Equipo_16
74;Jugador_074;25;187;85;MID;ENG;891614;2029;Both;19;Equipo_19
75;Jugador_075;18;169;74;DEF;POR;614801;2027;Right;14;Equipo_14
76;Jugador_076;23;176;84;FWD;POR;950676;2026;Right;19;Equipo_19
77;Jugador_077;27;175;77;MID;NED;577889;2030;Right;2;Equipo_02
78;Jugador_078;30;165;81;DEF;NED;1352449;2028;Right;16;Equipo_16
79;Jugador_079;32;190;88;GK;ARG;868039;2028;Right;8;Equipo_08
80;Jugador_080;25;179;71;FWD;GER;1157764;2028;Right;7;Equipo_07
81;Jugador_081;29;191;83;DEF;FRA;864785;2030;Left;14;Equipo_14
82;Jugador_082;26;176;77;MID;URU;797112;2028;Right;10;Equipo_10
83;Jugador_083;17;193;77;MID;POR;1044430;2030;Right;19;Equipo_19
84;Jugador_084;25;189;89;GK;GER;726992;2030;Right;16;Equipo_16
85;Jugador_085;23;176;78;MID;FRA;695509;2026;Right;14;Equipo_14
86;Jugador_086;25;166;89;DEF;CRO;534278;2029;Left;14;Equipo_14
87;Jugador_087;26;183;61;DEF;GER;635594;2028;Right;17;Equipo_17
88;Jugador_088;24;195;68;MID;ESP;925000;2028;Right;13;Equipo_13
89;Jugador_089;24;180;70;MID;CMR;1231576;2027;Right;12;Equipo_12
90;Jugador_090;24;188;78;FWD;CMR;1075533;2029;Right;9;Equipo_09
91;Jugador_091;25;189;71;MID;CRO;796904;2028;Right;15;Equipo_15
92;Jugador_092;21;195;76;MID;CRO;1079350;2026;Right;17;Equipo_17
93;Jugador_093;21;186;86;MID;BRA;445638;2030;Both;6;Equipo_06
94;Jugador_094;28;172;86;DEF;ESP;608703;2026;Right;3;Equipo_03
95;Jugador_095;21;170;93;MID;CRO;944647;2026;Right;10;Equipo_10
96;Jugador_096;23;180;84;DEF;URU;863122;2030;Left;16;Equipo_16
97;Jugador_097;26;170;81;FWD;ENG;594707;2029;Right;12;Equipo_12
98;Jugador_098;28;177;71;MID;CMR;818111;2028;Right;19;Equipo_19
99;Jugador_099;24;177;72;DEF;ENG;501214;2027;Right;3;Equipo_03
100;Jugador_100;23;169;80;DEF;CRO;959014;2029;Right;17;Equipo_17
101;Jugador_101;22;174;78;DEF;GER;763620;2030;Right;4;Equipo_04
102;Jugador_102;27;180;81;FWD;CRO;1227463;2028;Both;6;Equipo_06
103;Jugador_103;27;176;59;MID;ARG;783697;2027;Right;10;Equipo_10
104;Jugador_104;27;172;69;FWD;BRA;1222602;2028;Left;7;Equipo_07
105;Jugador_105;22;172;86;DEF;ITA;608292;2030;Right;18;Equipo_18
106;Jugador_106;20;171;78;MID;URU;620964;2026;Right;15;Equipo_15
107;Jugador_107;23;165;80;FWD;CRO;863386;2029;Both;20;Equipo_20
108;Jugador_108;31;183;64;DEF;GER;438490;2029;Right;16;Equipo_16
109;Jugador_109;21;183;85;FWD;CRO;1395180;2029;Right;18;Equipo_18
110;Jugador_110;17;193;84;GK;CMR;1261881;2029;Right;5;Equipo_05
111;Jugador_111;26;182;66;MID;CMR;1062136;2029;Left;9;Equipo_09
112;Jugador_112;21;188;73;DEF;ITA;770944;2028;Right;5;Equipo_05
113;Jugador_113;31;177;81;DEF;FRA;1034013;2029;Right;8;Equipo_08
114;Jugador_114;26;192;76;FWD;ENG;909781;2028;Left;12;Equipo_12
115;Jugador_115;24;181;72;DEF;ENG;941993;2027;Right;1;Equipo_01
116;Jugador_116;21;185;86;MID;CMR;1109980;2028;Right;10;Equipo_10
117;Jugador_117;19;187;80;DEF;URU;797068;2026;Left;7;Equipo_07
118;Jugador_118;21;196;68;MID;CRO;701650;2026;Right;16;Equipo_16
119;Jugador_119;23;179;81;FWD;ESP;1044516;2030;Right;12;Equipo_12
120;Jugador_120;27;172;78;MID;CMR;847562;2030;Right;19;Equipo_19
121;Jugador_121;24;172;69;DEF;CMR;894890;2030;Right;10;Equipo_10
122;Jugador_122;17;173;80;FWD;POR;1418757;2029;Right;11;Equipo_11
123;Jugador_123;27;165;72;DEF;POR;876435;2027;Right;3;Equipo_03
124;Jugador_124;19;171;79;FWD;POR;1138924;2029;Right;10;Equipo_10
125;Jugador_125;32;173;74;DEF;BRA;1150628;2029;Right;10;Equipo_10
126;Jugador_126;21;198;82;GK;FRA;912273;2028;Left;11;Equipo_11
127;Jugador_127;26;175;78;DEF;FRA;994327;2029;Both;19;Equipo_19
128;Jugador_128;19;186;75;MID;FRA;828729;2029;Right;11;Equipo_11
129;Jugador_129;27;168;74;DEF;GER;289117;2027;Right;10;Equipo_10
130;Jugador_130;24;181;73;DEF;ESP;657622;2030;Right;18;Equipo_18
131;Jugador_131;20;165;89;MID;BRA;1100277;2028;Right;20;Equipo_20
132;Jugador_132;21;179;75;DEF;FRA;882540;2026;Left;19;Equipo_19
133;Jugador_133;19;168;66;DEF;NED;1265911;2027;Left;19;Equipo_19
134;Jugador_134;22;178;71;FWD;ITA;1242484;2029;Right;7;Equipo_07
135;Jugador_135;25;181;58;DEF;POR;890737;2030;Left;8;Equipo_08
136;Jugador_136;22;177;74;MID;CRO;1016403;2028;Right;7;Equipo_07
137;Jugador_137;23;172;73;DEF;GER;835719;2030;Both;10;Equipo_10
138;Jugador_138;25;167;71;DEF;URU;705579;2027;Left;6;Equipo_06
139;Jugador_139;30;177;62;MID;BRA;851404;2030;Right;13;Equipo_13
140;Jugador_140;17;175;81;DEF;NED;866828;2026;Left;1;Equipo_01
141;Jugador_141;21;174;74;FWD;CRO;1515253;2029;Right;2;Equipo_02
142;Jugador_142;24;177;71;FWD;NED;560427;2027;Right;13;Equipo_13
143;Jugador_143;28;176;79;DEF;ESP;1048018;2030;Right;7;Equipo_07
144;Jugador_144;27;177;69;FWD;ESP;1395346;2026;Right;18;Equipo_18
145;Jugador_145;29;179;62;MID;ENG;816519;2028;Both;20;Equipo_20
146;Jugador_146;25;194;83;GK;URU;661934;2030;Right;5;Equipo_05
147;Jugador_147;31;184;75;FWD;FRA;1438857;2027;Both;17;Equipo_17
148;Jugador_148;24;172;89;DEF;POR;608847;2026;Right;14;Equipo_14
149;Jugador_149;28;194;51;MID;CRO;705596;2028;Right;15;Equipo_15
150;Jugador_150;25;185;81;GK;URU;1038167;2030;Left;1;Equipo_01
151;Jugador_151;29;180;89;DEF;ITA;383841;2027;Right;16;Equipo_16
152;Jugador_152;25;183;72;DEF;BRA;1038925;2026;Right;16;Equipo_16
153;Jugador_153;22;186;87;DEF;ARG;1041353;2029;Right;14;Equipo_14
154;Jugador_154;23;182;68;FWD;NED;1069682;2028;Right;18;Equipo_18
155;Jugador_155;31;167;85;FWD;ESP;1273174;2029;Right;20;Equipo_20
156;Jugador_156;25;191;77;DEF;URU;806728;2027;Right;16;Equipo_16
157;Jugador_157;21;184;79;DEF;ENG;735361;2028;Left;3;Equipo_03
158;Jugador_158;19;179;80;FWD;FRA;1280221;2026;Right;4;Equipo_04
159;Jugador_159;21;183;65;DEF;BRA;814861;2030;Both;13;Equipo_13
160;Jugador_160;19;180;77;DEF;NED;706452;2030;Right;16;Equipo_16
161;Jugador_161;28;167;73;MID;ITA;1097121;2029;Left;15;Equipo_15
162;Jugador_162;23;177;65;MID;URU;1290386;2026;Left;1;Equipo_01
163;Jugador_163;22;174;87;DEF;FRA;982625;2028;Right;17;Equipo_17
164;Jugador_164;23;186;67;DEF;NED;468048;2026;Both;15;Equipo_15
165;Jugador_165;17;184;80;DEF;ARG;979194;2029;Left;5;Equipo_05
166;Jugador_166;25;186;85;GK;NED;1040749;2029;Right;18;Equipo_18
167;Jugador_167;21;193;68;FWD;GER;976516;2029;Right;13;Equipo_13
168;Jugador_168;20;172;75;DEF;CMR;1088964;2029;Right;9;Equipo_09
169;Jugador_169;23;188;78;MID;CMR;1520881;2028;Left;7;Equipo_07
170;Jugador_170;22;190;81;DEF;NED;927907;2026;Right;4;Equipo_04
171;Jugador_171;26;193;57;FWD;NED;1519627;2026;Both;10;Equipo_10
172;Jugador_172;27;191;87;FWD;BRA;476636;2028;Right;5;Equipo_05
173;Jugador_173;21;183;82;MID;POR;565025;2030;Right;2;Equipo_02
174;Jugador_174;17;191;73;MID;ARG;1273683;2029;Left;5;Equipo_05
175;Jugador_175;28;177;63;MID;ARG;583154;2030;Right;16;Equipo_16
176;Jugador_176;28;173;62;DEF;FRA;980841;2028;Right;3;Equipo_03
177;Jugador_177;23;182;78;DEF;ITA;733239;2029;Left;2;Equipo_02
178;Jugador_178;28;169;100;MID;NED;628894;2030;Right;11;Equipo_11
179;Jugador_179;30;188;70;DEF;GER;934568;2027;Right;6;Equipo_06
180;Jugador_180;34;184;77;FWD;NED;1372844;2030;Right;3;Equipo_03
181;Jugador_181;28;177;74;MID;ITA;987109;2027;Right;15;Equipo_15
182;Jugador_182;21;179;83;FWD;GER;734064;2029;Left;19;Equipo_19
183;Jugador_183;19;184;82;FWD;ENG;1502803;2027;Right;12;Equipo_12
184;Jugador_184;24;181;66;DEF;CRO;787155;2029;Right;12;Equipo_12
185;Jugador_185;24;176;65;FWD;FRA;1037217;2027;Both;13;Equipo_13
186;Jugador_186;22;170;82;DEF;CRO;385626;2026;Right;10;Equipo_10
187;Jugador_187;19;181;80;DEF;ITA;867927;2029;Left;18;Equipo_18
188;Jugador_188;28;171;78;DEF;CMR;935049;2030;Right;18;Equipo_18
189;Jugador_189;27;187;87;DEF;ESP;795611;2029;Right;9;Equipo_09
190;Jugador_190;18;178;75;FWD;URU;981707;2030;Left;15;Equipo_15
191;Jugador_191;28;178;87;FWD;CRO;1400942;2029;Right;10;Equipo_10
192;Jugador_192;17;188;75;MID;FRA;946442;2030;Right;13;Equipo_13
193;Jugador_193;17;179;72;MID;POR;922735;2029;Right;10;Equipo_10
194;Jugador_194;17;180;64;FWD;ITA;1203385;2029;Right;17;Equipo_17
195;Jugador_195;21;186;71;MID;POR;825568;2030;Right;19;Equipo_19
196;Jugador_196;27;180;88;MID;FRA;1116635;2028;Right;18;Equipo_18
197;Jugador_197;24;178;86;MID;ARG;871268;2027;Right;1;Equipo_01
198;Jugador_198;19;184;71;MID;ITA;868220;2029;Both;8;Equipo_08
199;Jugador_199;17;170;79;MID;ESP;1067526;2028;Right;2;Equipo_02
200;Jugador_200;24;178;83;MID;ITA;684657;2029;Right;2;Equipo_02
201;Jugador_201;23;195;59;MID;CMR;938621;2030;Right;6;Equipo_06
202;Jugador_202;23;179;78;DEF;ESP;1036630;2029;Both;20;Equipo_20
203;Jugador_203;26;171;91;DEF;POR;773240;2029;Left;2;Equipo_02
204;Jugador_204;28;183;83;DEF;ESP;844946;2027;Right;15;Equipo_15
205;Jugador_205;27;175;85;FWD;NED;901127;2027;Left;1;Equipo_01
206;Jugador_206;25;174;82;FWD;CRO;1061549;2026;Right;6;Equipo_06
207;Jugador_207;19;186;61;MID;CMR;894927;2028;Left;16;Equipo_16
208;Jugador_208;18;182;72;MID;ITA;885341;2027;Right;14;Equipo_14
209;Jugador_209;21;168;83;DEF;CRO;593428;2027;Right;16;Equipo_16
210;Jugador_210;27;192;71;MID;CMR;680530;2026;Right;17;Equipo_17
211;Jugador_211;21;181;80;DEF;FRA;983487;2030;Right;17;Equipo_17
212;Jugador_212;24;174;67;MID;ITA;948760;2028;Right;5;Equipo_05
213;Jugador_213;33;185;76;MID;ESP;561751;2028;Right;16;Equipo_16
214;Jugador_214;22;179;63;MID;BRA;962663;2029;Right;12;Equipo_12
215;Jugador_215;29;189;76;FWD;CRO;1220808;2029;Right;6;Equipo_06
216;Jugador_216;30;186;76;GK;CMR;502156;2026;Right;20;Equipo_20
217;Jugador_217;32;177;77;MID;URU;1350208;2028;Right;17;Equipo_17
218;Jugador_218;27;181;80;FWD;GER;1444055;2029;Right;17;Equipo_17
219;Jugador_219;28;180;73;MID;ENG;662661;2026;Both;7;Equipo_07
220;Jugador_220;26;180;67;DEF;GER;580746;2029;Right;6;Equipo_06
221;Jugador_221;23;181;80;MID;POR;927882;2027;Right;13;Equipo_13
222;Jugador_222;27;181;78;MID;GER;933481;2030;Right;2;Equipo_02
223;Jugador_223;28;190;76;FWD;NED;820171;2027;Right;9;Equipo_09
224;Jugador_224;25;171;80;DEF;FRA;845501;2026;Both;7;Equipo_07
225;Jugador_225;26;184;72;MID;ENG;1381744;2028;Right;11;Equipo_11
226;Jugador_226;25;178;76;FWD;CMR;1113938;2026;Right;3;Equipo_03
227;Jugador_227;30;185;81;DEF;CRO;783686;2027;Left;15;Equipo_15
228;Jugador_228;27;183;74;FWD;ENG;708287;2030;Right;20;Equipo_20
229;Jugador_229;27;174;77;MID;NED;1049932;2030;Right;2;Equipo_02
230;Jugador_230;25;187;73;DEF;URU;616390;2026;Both;5;Equipo_05
231;Jugador_231;21;181;80;DEF;ITA;1093867;2029;Right;8;Equipo_08
232;Jugador_232;23;166;57;MID;ESP;680651;2026;Right;17;Equipo_17
233;Jugador_233;20;184;72;FWD;ENG;1374265;2027;Right;10;Equipo_10
234;Jugador_234;30;161;77;MID;URU;569256;2027;Left;13;Equipo_13
235;Jugador_235;21;177;86;GK;ITA;568166;2030;Right;19;Equipo_19
236;Jugador_236;30;179;69;DEF;FRA;723492;2027;Right;6;Equipo_06
237;Jugador_237;31;186;68;DEF;URU;1088224;2030;Right;7;Equipo_07
238;Jugador_238;26;191;86;FWD;POR;1298646;2029;Right;15;Equipo_15
239;Jugador_239;32;185;71;MID;ARG;893085;2027;Right;3;Equipo_03
240;Jugador_240;21;180;82;FWD;URU;1454461;2026;Right;7;Equipo_07
241;Jugador_241;28;177;62;FWD;NED;1339908;2026;Right;5;Equipo_05
242;Jugador_242;26;178;72;MID;ITA;1278681;2027;Right;6;Equipo_06
243;Jugador_243;26;192;63;DEF;URU;842037;2027;Right;1;Equipo_01
244;Jugador_244;21;192;75;FWD;ESP;1134597;2029;Right;2;Equipo_02
245;Jugador_245;23;190;65;MID;URU;796210;2026;Left;14;Equipo_14
246;Jugador_246;24;179;71;FWD;NED;1137958;2027;Right;3;Equipo_03
247;Jugador_247;28;177;70;FWD;CRO;1443605;2030;Right;19;Equipo_19
248;Jugador_248;29;155;67;MID;CRO;547913;2030;Right;4;Equipo_04
249;Jugador_249;29;179;71;FWD;NED;1100160;2026;Right;4;Equipo_04
250;Jugador_250;30;188;73;DEF;POR;721598;2028;Left;20;Equipo_20
251;Jugador_251;28;178;72;MID;ITA;797205;2027;Right;10;Equipo_10
252;Jugador_252;34;175;81;DEF;ENG;986982;2027;Right;13;Equipo_13
253;Jugador_253;22;181;88;DEF;ESP;1340810;2027;Left;10;Equipo_10
254;Jugador_254;31;181;81;MID;URU;794889;2030;Left;4;Equipo_04
255;Jugador_255;25;187;71;MID;ARG;529003;2028;Right;7;Equipo_07
256;Jugador_256;17;184;93;FWD;CMR;848718;2030;Right;10;Equipo_10
257;Jugador_257;23;180;73;MID;CMR;740233;2026;Right;9;Equipo_09
258;Jugador_258;27;178;82;MID;NED;990683;2028;Right;7;Equipo_07
259;Jugador_259;21;184;83;MID;FRA;860485;2030;Right;10;Equipo_10
260;Jugador_260;26;195;71;GK;BRA;1064495;2028;Right;6;Equipo_06
261;Jugador_261;26;176;60;FWD;CMR;805466;2027;Right;7;Equipo_07
262;Jugador_262;29;174;87;MID;GER;1111834;2029;Right;5;Equipo_05
263;Jugador_263;32;176;78;FWD;NED;1191507;2027;Right;17;Equipo_17
264;Jugador_264;29;182;67;MID;ITA;1141120;2028;Right;13;Equipo_13
265;Jugador_265;34;168;69;MID;URU;323754;2028;Right;15;Equipo_15
266;Jugador_266;24;181;78;MID;ESP;1120303;2030;Right;11;Equipo_11
267;Jugador_267;29;178;82;DEF;ITA;635666;2029;Right;15;Equipo_15
268;Jugador_268;22;179;79;MID;CMR;912408;2030;Right;20;Equipo_20
269;Jugador_269;27;188;70;MID;CMR;598212;2030;Left;4;Equipo_04
270;Jugador_270;25;165;80;MID;NED;944865;2028;Right;15;Equipo_15
271;Jugador_271;28;196;68;DEF;CRO;430966;2028;Right;16;Equipo_16
272;Jugador_272;23;173;73;MID;ITA;1080348;2026;Right;17;Equipo_17
273;Jugador_273;23;196;66;GK;GER;934151;2027;Both;10;Equipo_10
274;Jugador_274;24;181;70;DEF;ITA;917575;2029;Right;8;Equipo_08
275;Jugador_275;18;173;73;FWD;FRA;1239209;2030;Both;1;Equipo_01
276;Jugador_276;32;181;69;MID;ENG;926808;2029;Right;3;Equipo_03
277;Jugador_277;22;174;79;MID;POR;733334;2027;Right;4;Equipo_04
278;Jugador_278;22;168;64;FWD;ARG;1340174;2026;Right;13;Equipo_13
279;Jugador_279;23;171;68;MID;POR;862197;2030;Both;10;Equipo_10
280;Jugador_280;27;183;82;MID;CRO;702307;2026;Right;10;Equipo_10
281;Jugador_281;20;170;71;MID;ENG;428149;2030;Right;16;Equipo_16
282;Jugador_282;26;177;88;GK;NED;483430;2026;Right;13;Equipo_13
283;Jugador_283;26;185;96;DEF;GER;630511;2028;Right;14;Equipo_14
284;Jugador_284;26;178;66;FWD;CRO;1409317;2028;Right;11;Equipo_11
285;Jugador_285;29;171;94;FWD;FRA;1259469;2029;Right;5;Equipo_05
286;Jugador_286;26;186;80;MID;ESP;810322;2030;Right;7;Equipo_07
287;Jugador_287;24;189;74;DEF;URU;750979;2026;Left;1;Equipo_01
288;Jugador_288;31;174;81;MID;GER;717145;2030;Left;11;Equipo_11
289;Jugador_289;22;184;75;FWD;ARG;881565;2028;Right;7;Equipo_07
290;Jugador_290;21;179;74;DEF;URU;1333955;2027;Right;13;Equipo_13
291;Jugador_291;17;183;85;FWD;CMR;1181661;2029;Right;15;Equipo_15
292;Jugador_292;24;169;73;FWD;ESP;1462911;2029;Right;10;Equipo_10
293;Jugador_293;28;184;75;MID;GER;898322;2030;Both;4;Equipo_04
294;Jugador_294;17;180;65;DEF;CMR;1274346;2028;Both;4;Equipo_04
295;Jugador_295;23;176;73;MID;ESP;571868;2026;Right;19;Equipo_19
296;Jugador_296;27;176;69;DEF;ITA;1143025;2029;Right;10;Equipo_10
297;Jugador_297;29;174;83;MID;ITA;891152;2027;Left;4;Equipo_04
298;Jugador_298;19;172;71;MID;NED;999804;2030;Right;8;Equipo_08
299;Jugador_299;26;188;89;GK;ARG;1004528;2029;Right;2;Equipo_02
300;Jugador_300;19;186;66;FWD;ARG;1260479;2027;Right;16;Equipo_16
301;Jugador_301;23;180;75;MID;CRO;1146876;2030;Right;18;Equipo_18
302;Jugador_302;19;185;87;DEF;NED;998957;2029;Right;14;Equipo_14
303;Jugador_303;24;175;76;FWD;CRO;1148606;2027;Right;2;Equipo_02
304;Jugador_304;25;177;80;DEF;FRA;608966;2028;Right;18;Equipo_18
305;Jugador_305;31;182;71;GK;GER;1081827;2029;Left;19;Equipo_19
306;Jugador_306;26;185;72;DEF;URU;659590;2027;Right;7;Equipo_07
307;Jugador_307;28;182;79;GK;ARG;1277577;2029;Right;11;Equipo_11
308;Jugador_308;28;183;82;MID;ESP;1044735;2030;Both;2;Equipo_02
309;Jugador_309;26;163;72;MID;ESP;1105758;2026;Right;10;Equipo_10
310;Jugador_310;26;174;81;MID;GER;691043;2029;Right;5;Equipo_05
311;Jugador_311;26;172;68;DEF;ARG;782940;2028;Right;18;Equipo_18
312;Jugador_312;26;176;76;FWD;CMR;1175613;2026;Right;9;Equipo_09
313;Jugador_313;24;182;67;DEF;ENG;724892;2026;Right;19;Equipo_19
314;Jugador_314;30;182;67;FWD;CMR;1635497;2026;Right;5;Equipo_05
315;Jugador_315;17;179;70;DEF;CMR;676614;2029;Right;6;Equipo_06
316;Jugador_316;18;179;73;FWD;POR;803288;2028;Right;20;Equipo_20
317;Jugador_317;25;179;65;MID;ARG;834370;2030;Right;17;Equipo_17
318;Jugador_318;23;186;82;DEF;URU;578257;2029;Right;8;Equipo_08
319;Jugador_319;28;176;87;GK;URU;910191;2028;Right;11;Equipo_11
320;Jugador_320;26;166;95;MID;ENG;1276820;2027;Left;19;Equipo_19
321;Jugador_321;25;187;82;MID;POR;555478;2030;Right;11;Equipo_11
322;Jugador_322;22;186;85;GK;ARG;738424;2028;Right;13;Equipo_13
323;Jugador_323;25;177;81;FWD;NED;949106;2027;Right;2;Equipo_02
324;Jugador_324;21;184;69;FWD;NED;1335339;2026;Right;6;Equipo_06
325;Jugador_325;18;190;71;MID;GER;936375;2030;Right;9;Equipo_09
326;Jugador_326;21;189;80;GK;URU;859070;2027;Right;12;Equipo_12
327;Jugador_327;27;195;98;GK;FRA;1190870;2026;Left;17;Equipo_17
328;Jugador_328;19;184;78;DEF;NED;1153659;2030;Right;10;Equipo_10
329;Jugador_329;23;188;88;MID;POR;1311044;2026;Right;2;Equipo_02
330;Jugador_330;24;176;74;MID;ENG;738602;2027;Right;14;Equipo_14
331;Jugador_331;31;196;77;GK;CMR;714011;2030;Both;15;Equipo_15
332;Jugador_332;22;185;92;DEF;ENG;562447;2026;Right;17;Equipo_17
333;Jugador_333;23;184;72;GK;ARG;1335840;2027;Left;1;Equipo_01
334;Jugador_334;36;182;87;MID;ESP;1062678;2027;Right;11;Equipo_11
335;Jugador_335;22;189;74;MID;NED;925312;2030;Right;1;Equipo_01
336;Jugador_336;25;187;76;MID;ENG;836045;2028;Right;15;Equipo_15
337;Jugador_337;37;175;83;DEF;ESP;861311;2030;Both;14;Equipo_14
338;Jugador_338;25;195;77;MID;URU;444048;2027;Right;13;Equipo_13
339;Jugador_339;22;165;81;DEF;ARG;656936;2027;Right;4;Equipo_04
340;Jugador_340;31;189;83;MID;ENG;1120850;2027;Both;16;Equipo_16
341;Jugador_341;24;179;73;DEF;POR;758231;2026;Right;4;Equipo_04
342;Jugador_342;19;186;78;FWD;ITA;1091976;2029;Left;11;Equipo_11
343;Jugador_343;19;184;70;MID;ESP;722656;2028;Right;12;Equipo_12
344;Jugador_344;32;182;59;MID;ENG;1003872;2027;Right;3;Equipo_03
345;Jugador_345;24;181;74;FWD;NED;1136104;2027;Right;11;Equipo_11
346;Jugador_346;28;171;67;DEF;ENG;561569;2026;Both;3;Equipo_03
347;Jugador_347;28;193;84;FWD;CRO;833668;2026;Right;19;Equipo_19
348;Jugador_348;23;198;61;MID;ARG;917326;2026;Right;5;Equipo_05
349;Jugador_349;23;168;73;FWD;BRA;1157046;2028;Left;6;Equipo_06
350;Jugador_350;27;179;66;MID;ESP;752738;2027;Left;12;Equipo_12
351;Jugador_351;34;168;74;MID;ESP;628419;2028;Left;7;Equipo_07
352;Jugador_352;20;187;74;MID;ENG;764535;2027;Right;19;Equipo_19
353;Jugador_353;24;178;72;MID;ITA;951472;2026;Left;13;Equipo_13
354;Jugador_354;25;188;78;DEF;GER;657911;2027;Right;9;Equipo_09
355;Jugador_355;24;186;91;DEF;CMR;626023;2029;Right;3;Equipo_03
356;Jugador_356;25;191;76;FWD;ENG;1390952;2026;Right;11;Equipo_11
357;Jugador_357;25;180;75;MID;ENG;472120;2026;Right;6;Equipo_06
358;Jugador_358;30;178;72;FWD;FRA;974269;2027;Right;7;Equipo_07
359;Jugador_359;25;181;67;DEF;BRA;669885;2026;Right;15;Equipo_15
360;Jugador_360;19;176;76;MID;BRA;1211388;2030;Right;3;Equipo_03
361;Jugador_361;28;192;64;MID;FRA;328940;2029;Right;8;Equipo_08
362;Jugador_362;22;175;91;MID;FRA;694017;2030;Both;11;Equipo_11
363;Jugador_363;20;166;64;MID;FRA;529678;2026;Right;16;Equipo_16
364;Jugador_364;27;175;80;DEF;BRA;933888;2029;Right;1;Equipo_01
365;Jugador_365;26;187;82;FWD;CMR;1168466;2026;Right;9;Equipo_09
366;Jugador_366;29;188;75;FWD;ARG;1609031;2028;Right;10;Equipo_10
367;Jugador_367;28;177;69;MID;FRA;1077045;2027;Right;14;Equipo_14
368;Jugador_368;25;180;81;DEF;ESP;685087;2029;Right;11;Equipo_11
369;Jugador_369;28;171;71;MID;ENG;747959;2030;Right;12;Equipo_12
370;Jugador_370;25;182;59;MID;ESP;686877;2026;Right;19;Equipo_19
371;Jugador_371;27;189;89;DEF;CMR;871994;2026;Right;11;Equipo_11
372;Jugador_372;28;185;83;DEF;ARG;779032;2028;Left;15;Equipo_15
373;Jugador_373;21;167;74;DEF;POR;794083;2028;Left;6;Equipo_06
374;Jugador_374;26;182;73;DEF;NED;830551;2029;Left;17;Equipo_17
375;Jugador_375;29;181;72;MID;CMR;1178248;2030;Right;15;Equipo_15
376;Jugador_376;28;184;77;GK;BRA;850646;2026;Right;12;Equipo_12
377;Jugador_377;17;173;78;MID;POR;973511;2027;Right;12;Equipo_12
378;Jugador_378;20;192;73;MID;ESP;929881;2026;Right;14;Equipo_14
379;Jugador_379;21;188;81;MID;ENG;396652;2030;Left;20;Equipo_20
380;Jugador_380;26;180;72;DEF;ARG;717774;2028;Right;6;Equipo_06
381;Jugador_381;29;180;74;DEF;URU;1045367;2027;Right;17;Equipo_17
382;Jugador_382;17;186;62;DEF;BRA;885697;2028;Right;19;Equipo_19
383;Jugador_383;21;193;67;GK;NED;1103610;2030;Left;19;Equipo_19
384;Jugador_384;26;183;72;MID;ARG;937294;2027;Right;14;Equipo_14
385;Jugador_385;27;179;68;DEF;URU;925288;2029;Right;10;Equipo_10
386;Jugador_386;27;194;76;GK;GER;1190590;2027;Right;14;Equipo_14
387;Jugador_387;29;190;78;MID;ITA;551226;2028;Left;19;Equipo_19
388;Jugador_388;26;184;78;MID;ARG;909739;2026;Left;7;Equipo_07
389;Jugador_389;23;187;76;DEF;NED;845301;2028;Right;20;Equipo_20
390;Jugador_390;25;173;80;FWD;ITA;1493106;2026;Left;2;Equipo_02
391;Jugador_391;17;180;77;DEF;ENG;1189886;2026;Right;8;Equipo_08
392;Jugador_392;26;190;86;GK;ENG;777045;2026;Right;11;Equipo_11
393;Jugador_393;24;175;80;MID;ARG;814768;2030;Right;5;Equipo_05
394;Jugador_394;23;171;85;MID;ENG;918628;2028;Left;3;Equipo_03
395;Jugador_395;24;174;76;MID;ARG;1060961;2028;Right;2;Equipo_02
396;Jugador_396;20;190;77;MID;CRO;915099;2029;Left;12;Equipo_12
397;Jugador_397;34;187;67;MID;ITA;954926;2029;Right;12;Equipo_12
398;Jugador_398;19;182;90;GK;ITA;1106998;2029;Left;17;Equipo_17
399;Jugador_399;21;179;76;FWD;ARG;1288034;2026;Right;10;Equipo_10
400;Jugador_400;29;184;70;MID;ESP;595467;2029;Right;15;Equipo_15
401;Jugador_401;29;177;74;MID;ARG;861562;2026;Right;11;Equipo_11
402;Jugador_402;22;185;76;DEF;ARG;516004;2029;Right;2;Equipo_02
403;Jugador_403;23;176;69;MID;POR;920337;2029;Left;17;Equipo_17
404;Jugador_404;26;184;71;FWD;GER;1463378;2030;Right;10;Equipo_10
405;Jugador_405;18;198;93;GK;CMR;1138082;2028;Right;16;Equipo_16
406;Jugador_406;18;178;78;FWD;ARG;1136781;2029;Left;10;Equipo_10
407;Jugador_407;31;178;76;FWD;FRA;1150078;2027;Right;5;Equipo_05
408;Jugador_408;18;183;77;GK;ESP;821553;2030;Right;12;Equipo_12
409;Jugador_409;24;183;86;FWD;CRO;1489351;2029;Right;14;Equipo_14
410;Jugador_410;17;181;81;MID;FRA;694278;2029;Right;14;Equipo_14
411;Jugador_411;21;172;73;MID;CRO;855581;2029;Right;10;Equipo_10
412;Jugador_412;27;175;86;GK;ITA;1181428;2026;Right;5;Equipo_05
413;Jugador_413;26;172;77;MID;ARG;1163911;2030;Right;19;Equipo_19
414;Jugador_414;18;178;89;FWD;ESP;1000464;2030;Right;11;Equipo_11
415;Jugador_415;21;182;78;FWD;CMR;1490412;2027;Right;9;Equipo_09
416;Jugador_416;19;177;92;DEF;FRA;847461;2030;Right;3;Equipo_03
417;Jugador_417;32;184;69;FWD;BRA;1212417;2030;Right;2;Equipo_02
418;Jugador_418;29;177;62;FWD;FRA;1336679;2027;Right;11;Equipo_11
419;Jugador_419;23;162;90;DEF;CMR;1001154;2026;Left;9;Equipo_09
420;Jugador_420;22;192;79;DEF;ESP;939888;2027;Both;11;Equipo_11
421;Jugador_421;19;182;83;FWD;BRA;1083763;2029;Both;14;Equipo_14
422;Jugador_422;27;190;88;DEF;POR;488340;2027;Right;9;Equipo_09
423;Jugador_423;21;179;71;MID;ENG;831179;2027;Right;14;Equipo_14
424;Jugador_424;24;184;77;FWD;CRO;1560641;2029;Right;10;Equipo_10
425;Jugador_425;22;169;71;FWD;ENG;1194072;2027;Right;17;Equipo_17
426;Jugador_426;25;177;77;FWD;NED;1424414;2030;Right;20;Equipo_20
427;Jugador_427;22;182;77;FWD;CMR;1442915;2026;Right;4;Equipo_04
428;Jugador_428;29;176;78;MID;ARG;1254417;2028;Both;3;Equipo_03
429;Jugador_429;30;189;85;GK;POR;1295793;2028;Right;7;Equipo_07
430;Jugador_430;25;189;90;GK;ITA;1297760;2029;Left;5;Equipo_05
431;Jugador_431;22;178;73;MID;POR;1375969;2030;Right;12;Equipo_12
432;Jugador_432;23;168;60;MID;CMR;714669;2028;Right;2;Equipo_02
433;Jugador_433;23;183;77;DEF;ESP;652547;2026;Right;6;Equipo_06
434;Jugador_434;30;190;87;GK;ARG;1297030;2029;Right;10;Equipo_10
435;Jugador_435;25;176;64;DEF;NED;596085;2029;Right;10;Equipo_10
436;Jugador_436;17;177;76;MID;ARG;1164020;2026;Right;12;Equipo_12
437;Jugador_437;25;177;82;FWD;POR;1187113;2026;Both;7;Equipo_07
438;Jugador_438;27;178;81;DEF;CRO;918158;2027;Right;1;Equipo_01
439;Jugador_439;20;182;83;MID;BRA;787951;2029;Right;12;Equipo_12
440;Jugador_440;24;195;73;MID;FRA;889288;2027;Right;20;Equipo_20
441;Jugador_441;30;173;61;FWD;ARG;1427680;2028;Left;16;Equipo_16
442;Jugador_442;26;180;89;GK;POR;645746;2026;Right;7;Equipo_07
443;Jugador_443;17;173;75;DEF;ARG;555724;2029;Right;13;Equipo_13
444;Jugador_444;24;186;90;DEF;CRO;990226;2026;Right;8;Equipo_08
445;Jugador_445;21;189;72;DEF;POR;636470;2026;Right;17;Equipo_17
446;Jugador_446;24;185;65;MID;ITA;1044678;2030;Left;2;Equipo_02
447;Jugador_447;18;175;85;DEF;ESP;1096477;2027;Right;3;Equipo_03
448;Jugador_448;25;184;85;FWD;ITA;1239538;2028;Left;1;Equipo_01
449;Jugador_449;28;179;67;MID;ENG;1121123;2027;Both;15;Equipo_15
450;Jugador_450;25;198;81;MID;URU;971587;2030;Left;6;Equipo_06
451;Jugador_451;24;184;74;DEF;ITA;1088268;2027;Right;16;Equipo_16
452;Jugador_452;30;187;77;MID;URU;622983;2029;Right;10;Equipo_10
453;Jugador_453;27;170;76;DEF;ENG;1119041;2027;Both;20;Equipo_20
454;Jugador_454;27;192;77;GK;GER;605291;2029;Right;8;Equipo_08
455;Jugador_455;23;184;80;DEF;ARG;1440233;2029;Right;6;Equipo_06
456;Jugador_456;30;177;64;DEF;ENG;1080681;2029;Left;4;Equipo_04
457;Jugador_457;29;174;74;MID;NED;889242;2026;Right;12;Equipo_12
458;Jugador_458;23;175;81;MID;BRA;677206;2029;Right;17;Equipo_17
459;Jugador_459;23;185;81;DEF;GER;1097846;2027;Right;4;Equipo_04
460;Jugador_460;24;180;71;MID;FRA;494164;2030;Right;4;Equipo_04
461;Jugador_461;18;180;78;MID;ESP;867983;2028;Right;12;Equipo_12
462;Jugador_462;23;191;73;MID;GER;1259930;2028;Left;11;Equipo_11
463;Jugador_463;30;183;74;GK;CRO;1160422;2028;Right;14;Equipo_14
464;Jugador_464;17;179;68;FWD;ARG;1699287;2027;Right;7;Equipo_07
465;Jugador_465;21;177;78;FWD;ENG;1149093;2026;Right;6;Equipo_06
466;Jugador_466;27;191;61;GK;CMR;916066;2029;Left;14;Equipo_14
467;Jugador_467;27;187;82;DEF;CRO;704186;2029;Right;11;Equipo_11
468;Jugador_468;22;184;73;MID;ITA;752418;2029;Left;4;Equipo_04
469;Jugador_469;27;172;80;DEF;ESP;767345;2026;Right;15;Equipo_15
470;Jugador_470;26;174;59;MID;ARG;793901;2026;Right;18;Equipo_18
471;Jugador_471;24;172;78;DEF;CMR;899552;2028;Right;14;Equipo_14
472;Jugador_472;21;177;86;DEF;GER;547945;2028;Right;5;Equipo_05
473;Jugador_473;21;174;64;DEF;ENG;613344;2030;Both;5;Equipo_05
474;Jugador_474;29;195;80;GK;NED;780961;2026;Right;7;Equipo_07
475;Jugador_475;34;180;65;MID;GER;1469051;2029;Both;10;Equipo_10
476;Jugador_476;24;182;85;DEF;FRA;207769;2027;Right;7;Equipo_07
477;Jugador_477;24;189;78;MID;GER;848953;2027;Right;11;Equipo_11
478;Jugador_478;22;179;63;MID;FRA;950934;2026;Right;15;Equipo_15
479;Jugador_479;27;183;75;DEF;ITA;682911;2029;Right;13;Equipo_13
480;Jugador_480;32;169;65;FWD;ENG;1005046;2029;Right;17;Equipo_17
481;Jugador_481;28;183;77;DEF;CMR;810570;2028;Right;18;Equipo_18
482;Jugador_482;27;185;86;GK;BRA;1074011;2028;Right;10;Equipo_10
483;Jugador_483;21;198;95;GK;NED;967812;2028;Right;18;Equipo_18
484;Jugador_484;30;184;74;FWD;NED;1198998;2029;Left;17;Equipo_17
485;Jugador_485;20;182;81;MID;ARG;766908;2029;Left;14;Equipo_14
486;Jugador_486;21;183;82;DEF;POR;980324;2029;Right;16;Equipo_16
487;Jugador_487;17;186;75;DEF;ENG;819285;2028;Left;12;Equipo_12
488;Jugador_488;20;189;87;FWD;CMR;852189;2028;Right;5;Equipo_05
489;Jugador_489;31;190;84;FWD;POR;1059441;2026;Right;11;Equipo_11
490;Jugador_490;27;188;56;MID;BRA;1169991;2026;Both;17;Equipo_17
491;Jugador_491;26;181;81;FWD;POR;954778;2026;Right;15;Equipo_15
492;Jugador_492;22;190;76;DEF;FRA;396024;2029;Right;7;Equipo_07
493;Jugador_493;18;169;75;DEF;ESP;584349;2028;Right;7;Equipo_07
494;Jugador_494;24;173;77;DEF;BRA;237441;2030;Left;7;Equipo_07
495;Jugador_495;30;177;67;MID;POR;1041689;2027;Right;13;Equipo_13
496;Jugador_496;21;182;76;MID;ARG;744659;2030;Left;1;Equipo_01
497;Jugador_497;24;172;79;MID;ARG;702747;2027;Right;17;Equipo_17
498;Jugador_498;26;175;88;DEF;GER;513748;2029;Right;9;Equipo_09
499;Jugador_499;26;198;90;MID;NED;1279723;2029;Right;13;Equipo_13
500;Jugador_500;23;182;75;MID;CRO;1160051;2030;Left;9;Equipo_09
501;Jugador_501;28;172;72;FWD;CRO;1327983;2026;Right;4;Equipo_04
502;Jugador_502;26;199;92;GK;ENG;1020098;2030;Right;13;Equipo_13
503;Jugador_503;23;175;79;FWD;CRO;1419198;2029;Left;12;Equipo_12
504;Jugador_504;30;187;64;DEF;ARG;950100;2030;Right;4;Equipo_04
505;Jugador_505;24;175;86;DEF;BRA;1245134;2027;Right;12;Equipo_12
506;Jugador_506;26;188;68;DEF;ESP;842869;2029;Right;9;Equipo_09
507;Jugador_507;27;172;72;FWD;CRO;1496794;2029;Right;9;Equipo_09
508;Jugador_508;22;184;85;GK;ITA;984818;2030;Right;13;Equipo_13
509;Jugador_509;23;177;65;FWD;ARG;878701;2030;Right;15;Equipo_15
510;Jugador_510;24;186;75;DEF;GER;891788;2026;Right;7;Equipo_07
511;Jugador_511;20;171;63;FWD;NED;1526233;2030;Right;9;Equipo_09
512;Jugador_512;34;182;73;MID;FRA;1163079;2030;Both;4;Equipo_04
513;Jugador_513;26;177;74;MID;CMR;1650209;2030;Right;19;Equipo_19
514;Jugador_514;23;173;78;MID;CMR;496836;2030;Left;12;Equipo_12
515;Jugador_515;18;177;79;MID;CRO;1127016;2028;Left;3;Equipo_03
516;Jugador_516;28;184;79;GK;BRA;1271783;2030;Right;13;Equipo_13
517;Jugador_517;24;192;76;FWD;CMR;973706;2029;Right;18;Equipo_18
518;Jugador_518;28;182;75;DEF;BRA;955486;2027;Right;20;Equipo_20
519;Jugador_519;30;174;76;FWD;CMR;1219122;2028;Left;15;Equipo_15
520;Jugador_520;25;180;75;MID;GER;946623;2026;Right;17;Equipo_17
521;Jugador_521;19;178;79;DEF;URU;409350;2026;Left;4;Equipo_04
522;Jugador_522;27;175;82;DEF;ENG;584836;2030;Left;1;Equipo_01
523;Jugador_523;19;185;64;MID;ESP;846480;2028;Right;17;Equipo_17
524;Jugador_524;19;178;72;MID;ENG;1275732;2030;Right;3;Equipo_03
525;Jugador_525;22;182;72;DEF;CRO;1189135;2029;Right;14;Equipo_14
526;Jugador_526;24;173;70;FWD;POR;1401464;2030;Left;8;Equipo_08
527;Jugador_527;24;181;78;MID;ENG;937278;2030;Right;10;Equipo_10
528;Jugador_528;24;176;76;DEF;ARG;734864;2029;Left;17;Equipo_17
529;Jugador_529;28;186;74;FWD;ENG;1369237;2027;Right;7;Equipo_07
530;Jugador_530;17;182;85;GK;NED;1096173;2027;Left;20;Equipo_20
531;Jugador_531;27;174;75;MID;CMR;972412;2027;Right;8;Equipo_08
532;Jugador_532;26;183;82;MID;NED;719847;2030;Right;2;Equipo_02
533;Jugador_533;23;177;83;MID;ESP;725426;2029;Right;19;Equipo_19
534;Jugador_534;35;176;80;DEF;BRA;1088939;2030;Right;6;Equipo_06
535;Jugador_535;17;175;79;DEF;FRA;946152;2028;Right;7;Equipo_07
536;Jugador_536;23;189;66;DEF;FRA;607969;2030;Both;10;Equipo_10
537;Jugador_537;17;179;72;FWD;FRA;1352020;2026;Right;16;Equipo_16
538;Jugador_538;30;197;93;GK;CMR;825276;2030;Right;11;Equipo_11
539;Jugador_539;17;178;70;DEF;ARG;636646;2028;Right;3;Equipo_03
540;Jugador_540;32;188;71;DEF;ENG;1183690;2030;Right;19;Equipo_19
541;Jugador_541;27;174;74;DEF;FRA;860694;2026;Both;12;Equipo_12
542;Jugador_542;26;172;63;FWD;POR;1277834;2029;Right;15;Equipo_15
543;Jugador_543;27;171;83;MID;FRA;1348670;2027;Left;9;Equipo_09
544;Jugador_544;32;182;79;DEF;URU;813459;2028;Left;12;Equipo_12
545;Jugador_545;22;183;72;DEF;ITA;1136277;2027;Right;6;Equipo_06
546;Jugador_546;19;188;49;MID;CRO;801139;2028;Both;4;Equipo_04
547;Jugador_547;21;174;74;MID;ITA;1048466;2028;Right;4;Equipo_04
548;Jugador_548;24;186;74;DEF;URU;1026772;2029;Right;13;Equipo_13
549;Jugador_549;21;182;74;DEF;ESP;792395;2027;Right;3;Equipo_03
550;Jugador_550;26;181;69;DEF;FRA;925706;2029;Right;11;Equipo_11
551;Jugador_551;22;182;78;FWD;ENG;1155996;2028;Left;9;Equipo_09
552;Jugador_552;20;169;75;MID;FRA;1170183;2030;Right;3;Equipo_03
553;Jugador_553;20;172;74;DEF;CMR;491881;2027;Right;3;Equipo_03
554;Jugador_554;25;173;78;FWD;CMR;1237239;2029;Right;4;Equipo_04
555;Jugador_555;22;189;78;GK;FRA;819882;2030;Right;5;Equipo_05
556;Jugador_556;21;180;79;DEF;POR;796205;2027;Right;11;Equipo_11
557;Jugador_557;26;184;77;DEF;ARG;523777;2027;Right;20;Equipo_20
558;Jugador_558;25;178;80;DEF;ITA;957604;2027;Right;15;Equipo_15
559;Jugador_559;21;192;74;MID;ESP;923370;2027;Both;16;Equipo_16
560;Jugador_560;29;178;74;DEF;FRA;1203481;2027;Right;17;Equipo_17
561;Jugador_561;21;166;62;MID;ENG;752803;2029;Right;1;Equipo_01
562;Jugador_562;23;172;64;MID;NED;891707;2027;Right;19;Equipo_19
563;Jugador_563;31;184;63;FWD;POR;1744052;2029;Both;10;Equipo_10
564;Jugador_564;32;181;56;DEF;CMR;681259;2027;Right;13;Equipo_13
565;Jugador_565;23;188;76;FWD;GER;867587;2028;Right;7;Equipo_07
566;Jugador_566;26;179;78;DEF;CRO;612310;2027;Right;19;Equipo_19
567;Jugador_567;27;173;89;FWD;ITA;1675069;2026;Right;4;Equipo_04
568;Jugador_568;19;184;67;DEF;CRO;655184;2028;Right;19;Equipo_19
569;Jugador_569;21;181;74;DEF;ARG;625231;2027;Both;11;Equipo_11
570;Jugador_570;20;177;65;FWD;ESP;1242208;2030;Right;6;Equipo_06
571;Jugador_571;22;161;75;MID;ITA;837340;2027;Left;8;Equipo_08
572;Jugador_572;23;190;81;FWD;URU;946253;2028;Right;2;Equipo_02
573;Jugador_573;24;183;82;FWD;NED;1252710;2026;Right;17;Equipo_17
574;Jugador_574;28;185;80;MID;CMR;1127211;2029;Right;12;Equipo_12
575;Jugador_575;30;181;63;MID;URU;761880;2030;Right;12;Equipo_12
576;Jugador_576;18;178;72;MID;ARG;707764;2028;Right;15;Equipo_15
577;Jugador_577;23;170;89;FWD;ITA;1266238;2026;Right;12;Equipo_12
578;Jugador_578;35;174;78;MID;GER;999561;2026;Right;20;Equipo_20
579;Jugador_579;28;195;72;GK;FRA;1054741;2029;Right;13;Equipo_13
580;Jugador_580;22;182;88;DEF;POR;1068429;2029;Right;3;Equipo_03
581;Jugador_581;21;192;84;MID;BRA;868430;2027;Right;14;Equipo_14
582;Jugador_582;27;184;81;MID;GER;817643;2030;Right;19;Equipo_19
583;Jugador_583;28;185;78;MID;ARG;447989;2028;Right;12;Equipo_12
584;Jugador_584;31;197;77;GK;GER;714267;2030;Right;6;Equipo_06
585;Jugador_585;27;183;72;MID;FRA;692225;2030;Right;6;Equipo_06
586;Jugador_586;24;168;71;FWD;ENG;1676682;2027;Left;5;Equipo_05
587;Jugador_587;22;200;74;GK;URU;1206754;2030;Right;18;Equipo_18
588;Jugador_588;34;178;83;MID;CMR;923588;2027;Right;3;Equipo_03
589;Jugador_589;22;177;72;MID;ENG;869118;2030;Right;18;Equipo_18
590;Jugador_590;30;182;80;GK;FRA;1137079;2029;Right;12;Equipo_12
591;Jugador_591;20;178;85;MID;FRA;844377;2030;Right;19;Equipo_19
592;Jugador_592;25;195;94;GK;GER;866615;2028;Right;15;Equipo_15
593;Jugador_593;23;178;80;DEF;NED;799577;2029;Left;2;Equipo_02
594;Jugador_594;29;187;68;MID;CRO;882843;2030;Right;6;Equipo_06
595;Jugador_595;29;172;71;MID;FRA;1028349;2028;Right;16;Equipo_16
596;Jugador_596;24;177;72;MID;ARG;826650;2028;Right;9;Equipo_09
597;Jugador_597;24;184;85;FWD;ESP;987209;2029;Right;2;Equipo_02
598;Jugador_598;20;175;79;MID;NED;1405271;2026;Right;5;Equipo_05
599;Jugador_599;25;180;81;MID;URU;1244362;2029;Right;6;Equipo_06
600;Jugador_600;17;174;64;MID;ARG;1117208;2028;Right;10;Equipo_10
601;Jugador_601;30;180;79;DEF;POR;1367975;2027;Right;16;Equipo_16
602;Jugador_602;24;182;77;FWD;ITA;865292;2029;Both;2;Equipo_02
603;Jugador_603;32;183;78;FWD;ARG;1025999;2030;Right;15;Equipo_15
604;Jugador_604;21;177;70;DEF;CMR;584020;2030;Right;5;Equipo_05
605;Jugador_605;32;177;71;DEF;ESP;1090565;2028;Right;18;Equipo_18
606;Jugador_606;21;181;79;MID;POR;733884;2029;Left;14;Equipo_14
607;Jugador_607;34;173;68;MID;GER;551441;2028;Right;11;Equipo_11
608;Jugador_608;25;178;65;DEF;ENG;1157420;2029;Right;9;Equipo_09
609;Jugador_609;23;183;79;FWD;ENG;982279;2029;Right;3;Equipo_03
610;Jugador_610;31;185;84;DEF;FRA;826766;2026;Right;8;Equipo_08
611;Jugador_611;22;158;80;MID;FRA;1204514;2028;Right;8;Equipo_08
612;Jugador_612;31;189;80;MID;GER;900151;2027;Right;3;Equipo_03
613;Jugador_613;23;174;85;FWD;ENG;936860;2028;Right;11;Equipo_11
614;Jugador_614;29;184;71;MID;BRA;823787;2029;Right;15;Equipo_15
615;Jugador_615;25;187;89;MID;ITA;748634;2030;Right;2;Equipo_02
616;Jugador_616;17;182;85;GK;ITA;825949;2026;Right;17;Equipo_17
617;Jugador_617;28;199;80;GK;ARG;844571;2030;Left;17;Equipo_17
618;Jugador_618;28;182;87;DEF;ENG;756243;2028;Left;6;Equipo_06
619;Jugador_619;27;177;88;DEF;ESP;776785;2029;Right;2;Equipo_02
620;Jugador_620;22;175;81;DEF;ESP;627176;2029;Right;17;Equipo_17
621;Jugador_621;29;187;64;FWD;CMR;891412;2029;Right;13;Equipo_13
622;Jugador_622;22;177;74;MID;ESP;540495;2026;Right;16;Equipo_16
623;Jugador_623;31;186;85;GK;FRA;838879;2026;Right;4;Equipo_04
624;Jugador_624;25;180;79;FWD;CRO;1157667;2029;Right;20;Equipo_20
625;Jugador_625;19;178;74;MID;BRA;905622;2027;Right;7;Equipo_07
626;Jugador_626;23;171;83;MID;ENG;959935;2029;Left;8;Equipo_08
627;Jugador_627;34;184;80;DEF;NED;723669;2027;Right;5;Equipo_05
628;Jugador_628;25;188;81;DEF;POR;970027;2029;Right;2;Equipo_02
629;Jugador_629;25;186;73;MID;ARG;1153030;2027;Right;18;Equipo_18
630;Jugador_630;26;189;62;FWD;GER;914609;2028;Right;1;Equipo_01
631;Jugador_631;30;182;66;MID;ENG;998505;2029;Both;9;Equipo_09
632;Jugador_632;26;175;81;DEF;CMR;200000;2027;Right;6;Equipo_06
633;Jugador_633;27;185;84;GK;CMR;426882;2027;Right;4;Equipo_04
634;Jugador_634;25;192;101;GK;GER;1145790;2030;Right;13;Equipo_13
635;Jugador_635;18;190;81;FWD;CRO;1457567;2030;Right;4;Equipo_04
636;Jugador_636;23;172;90;MID;ITA;886577;2028;Right;18;Equipo_18
637;Jugador_637;23;181;80;DEF;GER;754623;2026;Right;2;Equipo_02
638;Jugador_638;23;177;67;MID;ENG;1260529;2026;Right;13;Equipo_13
639;Jugador_639;25;176;79;MID;CMR;697427;2026;Both;19;Equipo_19
640;Jugador_640;27;179;87;DEF;POR;832976;2030;Right;11;Equipo_11
641;Jugador_641;22;180;62;MID;ITA;1463345;2026;Both;17;Equipo_17
642;Jugador_642;24;177;86;MID;ITA;671664;2028;Left;16;Equipo_16
643;Jugador_643;27;181;86;DEF;GER;775714;2027;Right;1;Equipo_01
644;Jugador_644;26;171;88;MID;CRO;751107;2030;Right;17;Equipo_17
645;Jugador_645;22;186;74;DEF;FRA;1125071;2027;Right;2;Equipo_02
646;Jugador_646;20;177;87;DEF;URU;766237;2029;Right;13;Equipo_13
647;Jugador_647;22;178;63;MID;ENG;1025772;2028;Right;15;Equipo_15
648;Jugador_648;25;175;79;MID;BRA;710723;2028;Right;17;Equipo_17
649;Jugador_649;24;177;83;MID;POR;888050;2029;Right;1;Equipo_01
650;Jugador_650;29;194;62;FWD;URU;1286174;2030;Right;18;Equipo_18
651;Jugador_651;22;180;82;MID;NED;985750;2028;Right;11;Equipo_11
652;Jugador_652;20;190;65;FWD;ESP;1194375;2027;Both;18;Equipo_18
653;Jugador_653;21;192;95;GK;FRA;1203530;2030;Right;1;Equipo_01
654;Jugador_654;28;176;90;MID;ENG;930208;2030;Right;9;Equipo_09
655;Jugador_655;27;174;83;FWD;ESP;764744;2026;Left;15;Equipo_15
656;Jugador_656;26;191;75;FWD;ESP;1733077;2030;Left;1;Equipo_01
657;Jugador_657;31;172;90;MID;GER;1030960;2030;Right;13;Equipo_13
658;Jugador_658;19;177;75;FWD;FRA;1251749;2027;Right;10;Equipo_10
659;Jugador_659;24;181;67;MID;POR;938729;2029;Left;5;Equipo_05
660;Jugador_660;18;190;72;MID;ARG;947822;2029;Left;5;Equipo_05
661;Jugador_661;26;171;64;DEF;ENG;776394;2026;Left;14;Equipo_14
662;Jugador_662;19;177;66;MID;ITA;1149754;2028;Both;9;Equipo_09
663;Jugador_663;19;173;78;MID;ARG;1068805;2027;Right;20;Equipo_20
664;Jugador_664;20;177;68;MID;ESP;924639;2027;Right;18;Equipo_18
665;Jugador_665;22;191;91;MID;GER;355826;2028;Both;7;Equipo_07
666;Jugador_666;29;179;70;MID;CRO;946933;2029;Right;17;Equipo_17
667;Jugador_667;22;179;78;DEF;URU;822613;2028;Right;5;Equipo_05
668;Jugador_668;33;190;76;FWD;ESP;1491090;2028;Right;11;Equipo_11
669;Jugador_669;22;186;81;MID;ESP;648108;2029;Right;5;Equipo_05
670;Jugador_670;19;157;75;FWD;NED;878976;2029;Right;12;Equipo_12
671;Jugador_671;22;175;67;FWD;CMR;1264643;2029;Both;5;Equipo_05
672;Jugador_672;23;171;63;MID;POR;791196;2026;Right;3;Equipo_03
673;Jugador_673;21;188;81;FWD;ARG;1161733;2030;Right;18;Equipo_18
674;Jugador_674;27;199;86;GK;NED;734659;2030;Right;8;Equipo_08
675;Jugador_675;25;180;86;DEF;URU;690374;2026;Both;5;Equipo_05
676;Jugador_676;24;181;76;GK;ARG;1195537;2030;Left;8;Equipo_08
677;Jugador_677;25;182;75;MID;ARG;882059;2029;Right;5;Equipo_05
678;Jugador_678;17;180;73;FWD;NED;1017760;2029;Right;13;Equipo_13
679;Jugador_679;22;179;73;DEF;POR;699913;2030;Right;11;Equipo_11
680;Jugador_680;22;184;84;DEF;FRA;511431;2028;Right;12;Equipo_12
681;Jugador_681;17;174;77;DEF;CMR;968399;2028;Right;20;Equipo_20
682;Jugador_682;24;190;75;FWD;CRO;1542500;2027;Left;5;Equipo_05
683;Jugador_683;21;179;82;FWD;URU;876714;2030;Left;13;Equipo_13
684;Jugador_684;27;186;78;DEF;BRA;832774;2027;Right;2;Equipo_02
685;Jugador_685;17;178;86;FWD;URU;1134388;2027;Left;3;Equipo_03
686;Jugador_686;17;184;72;DEF;POR;516357;2030;Right;2;Equipo_02
687;Jugador_687;26;195;72;MID;CRO;785855;2026;Left;15;Equipo_15
688;Jugador_688;17;201;84;MID;POR;1106988;2028;Right;13;Equipo_13
689;Jugador_689;26;190;71;FWD;ARG;1113427;2029;Right;15;Equipo_15
690;Jugador_690;30;180;86;DEF;CRO;535410;2026;Right;1;Equipo_01
691;Jugador_691;26;169;70;MID;ITA;1153094;2028;Right;13;Equipo_13
692;Jugador_692;26;177;67;MID;URU;1081766;2026;Right;8;Equipo_08
693;Jugador_693;23;183;84;MID;ENG;722200;2026;Right;4;Equipo_04
694;Jugador_694;23;199;68;GK;POR;928744;2027;Right;2;Equipo_02
695;Jugador_695;20;192;81;GK;CMR;1222528;2028;Both;4;Equipo_04
696;Jugador_696;30;169;84;MID;CRO;911937;2026;Right;8;Equipo_08
697;Jugador_697;32;187;86;GK;ARG;1176017;2030;Right;19;Equipo_19
698;Jugador_698;25;174;75;DEF;POR;738192;2030;Left;20;Equipo_20
699;Jugador_699;20;184;73;DEF;NED;215329;2028;Right;3;Equipo_03
700;Jugador_700;27;204;72;GK;NED;968902;2029;Right;16;Equipo_16
701;Jugador_701;20;199;89;GK;CRO;1133146;2029;Right;17;Equipo_17
702;Jugador_702;24;182;77;DEF;ESP;962392;2030;Right;8;Equipo_08
703;Jugador_703;21;174;77;MID;BRA;899044;2030;Left;6;Equipo_06
704;Jugador_704;24;182;86;DEF;ENG;613705;2029;Right;1;Equipo_01
705;Jugador_705;24;167;85;MID;POR;1181708;2027;Right;16;Equipo_16
706;Jugador_706;22;189;79;GK;CRO;952121;2028;Right;4;Equipo_04
707;Jugador_707;22;186;77;DEF;CMR;1139735;2029;Right;7;Equipo_07
708;Jugador_708;32;180;85;FWD;ARG;1009369;2029;Right;11;Equipo_11
709;Jugador_709;23;200;89;GK;FRA;950957;2027;Right;15;Equipo_15
710;Jugador_710;23;177;80;MID;URU;983041;2030;Right;15;Equipo_15
711;Jugador_711;31;184;67;MID;URU;977968;2027;Right;7;Equipo_07
712;Jugador_712;33;181;78;MID;POR;1028079;2026;Right;20;Equipo_20
713;Jugador_713;26;174;74;MID;ESP;790183;2029;Right;1;Equipo_01
714;Jugador_714;20;197;80;GK;NED;1275898;2030;Right;6;Equipo_06
715;Jugador_715;29;180;81;DEF;CRO;731224;2028;Right;1;Equipo_01
716;Jugador_716;25;175;81;FWD;POR;1043506;2027;Left;13;Equipo_13
717;Jugador_717;34;196;87;GK;GER;1013256;2028;Both;13;Equipo_13
718;Jugador_718;25;178;73;DEF;CRO;494535;2028;Both;18;Equipo_18
719;Jugador_719;24;174;66;MID;URU;819860;2030;Right;1;Equipo_01
720;Jugador_720;27;181;73;GK;ESP;936793;2026;Right;19;Equipo_19
721;Jugador_721;23;185;79;GK;NED;1126447;2030;Right;10;Equipo_10
722;Jugador_722;26;180;59;FWD;FRA;1088960;2029;Right;5;Equipo_05
723;Jugador_723;22;177;78;MID;GER;669424;2030;Right;3;Equipo_03
724;Jugador_724;22;197;79;FWD;FRA;911989;2029;Right;11;Equipo_11
725;Jugador_725;20;183;90;GK;ARG;1274629;2030;Right;15;Equipo_15
726;Jugador_726;19;173;104;GK;POR;793697;2028;Right;7;Equipo_07
727;Jugador_727;27;192;73;MID;POR;938356;2028;Right;18;Equipo_18
728;Jugador_728;18;181;88;MID;ESP;801038;2028;Left;3;Equipo_03
729;Jugador_729;25;180;72;MID;CMR;841459;2029;Right;13;Equipo_13
730;Jugador_730;23;177;66;DEF;CRO;868961;2026;Right;2;Equipo_02
731;Jugador_731;22;185;70;DEF;ENG;679095;2027;Right;14;Equipo_14
732;Jugador_732;22;184;71;FWD;GER;1225225;2027;Right;8;Equipo_08
733;Jugador_733;23;175;65;FWD;NED;1575268;2026;Right;2;Equipo_02
734;Jugador_734;27;179;80;DEF;URU;931125;2028;Right;2;Equipo_02
735;Jugador_735;25;177;73;DEF;ENG;1203413;2030;Right;17;Equipo_17
736;Jugador_736;22;174;102;GK;ENG;1212874;2027;Right;2;Equipo_02
737;Jugador_737;19;182;78;DEF;GER;466855;2027;Left;11;Equipo_11
738;Jugador_738;19;181;80;DEF;ITA;535701;2029;Right;18;Equipo_18
739;Jugador_739;20;192;71;MID;POR;853211;2028;Right;19;Equipo_19
740;Jugador_740;30;171;73;DEF;ESP;830184;2030;Left;11;Equipo_11
741;Jugador_741;24;180;89;DEF;URU;1449399;2027;Left;19;Equipo_19
742;Jugador_742;21;183;74;MID;CRO;1102618;2027;Right;9;Equipo_09
743;Jugador_743;22;179;82;FWD;ENG;991112;2030;Right;13;Equipo_13
744;Jugador_744;27;180;67;FWD;FRA;1373560;2028;Right;1;Equipo_01
745;Jugador_745;27;173;87;DEF;POR;789244;2028;Right;8;Equipo_08
746;Jugador_746;17;185;58;MID;GER;820413;2027;Right;5;Equipo_05
747;Jugador_747;17;186;77;FWD;CMR;1268858;2027;Left;15;Equipo_15
748;Jugador_748;17;178;89;MID;CRO;881729;2026;Right;5;Equipo_05
749;Jugador_749;30;179;67;DEF;FRA;764755;2026;Right;13;Equipo_13
750;Jugador_750;30;188;73;MID;ESP;1046971;2026;Right;15;Equipo_15
751;Jugador_751;21;168;74;MID;URU;662421;2026;Both;4;Equipo_04
752;Jugador_752;26;168;76;DEF;NED;444536;2026;Right;19;Equipo_19
753;Jugador_753;30;169;89;FWD;CMR;751390;2028;Right;19;Equipo_19
754;Jugador_754;23;183;77;FWD;ITA;1220946;2027;Right;10;Equipo_10
755;Jugador_755;27;178;74;MID;CMR;1193994;2028;Left;14;Equipo_14
756;Jugador_756;33;189;90;GK;NED;1554534;2026;Right;11;Equipo_11
757;Jugador_757;22;194;79;GK;CRO;1046004;2028;Left;7;Equipo_07
758;Jugador_758;24;174;69;DEF;ARG;849408;2027;Right;1;Equipo_01
759;Jugador_759;26;181;77;MID;CMR;872187;2028;Both;17;Equipo_17
760;Jugador_760;24;171;67;MID;ARG;762599;2030;Right;17;Equipo_17
761;Jugador_761;32;175;58;MID;CRO;1032021;2028;Right;6;Equipo_06
762;Jugador_762;23;175;81;FWD;BRA;932268;2029;Both;9;Equipo_09
763;Jugador_763;20;173;74;DEF;POR;927788;2028;Left;2;Equipo_02
764;Jugador_764;24;176;78;MID;ESP;451853;2030;Right;2;Equipo_02
765;Jugador_765;23;174;61;DEF;CRO;332021;2029;Left;5;Equipo_05
766;Jugador_766;26;177;67;DEF;CRO;734546;2028;Left;11;Equipo_11
767;Jugador_767;22;178;67;DEF;URU;796635;2030;Right;9;Equipo_09
768;Jugador_768;25;172;67;MID;ITA;1368104;2027;Right;1;Equipo_01
769;Jugador_769;19;187;87;FWD;GER;1128155;2028;Right;2;Equipo_02
770;Jugador_770;19;176;70;DEF;BRA;1075326;2029;Right;15;Equipo_15
771;Jugador_771;29;178;71;FWD;ENG;1156447;2028;Right;19;Equipo_19
772;Jugador_772;28;179;70;DEF;URU;312912;2026;Both;17;Equipo_17
773;Jugador_773;22;184;92;GK;ENG;955439;2030;Both;19;Equipo_19
774;Jugador_774;24;178;82;DEF;NED;929418;2029;Right;14;Equipo_14
775;Jugador_775;27;182;84;MID;CRO;1101560;2026;Right;2;Equipo_02
776;Jugador_776;23;179;80;DEF;GER;560767;2028;Right;5;Equipo_05
777;Jugador_777;32;178;73;MID;ITA;332516;2028;Right;15;Equipo_15
778;Jugador_778;26;172;74;FWD;ARG;1556325;2029;Right;6;Equipo_06
779;Jugador_779;20;181;71;DEF;NED;598911;2026;Right;14;Equipo_14
780;Jugador_780;19;177;72;MID;ARG;844984;2028;Left;13;Equipo_13
781;Jugador_781;21;174;80;DEF;ENG;481823;2029;Right;10;Equipo_10
782;Jugador_782;21;180;83;FWD;FRA;1612142;2029;Left;7;Equipo_07
783;Jugador_783;23;178;65;DEF;CMR;711968;2028;Right;16;Equipo_16
784;Jugador_784;17;176;66;DEF;CRO;577011;2029;Right;9;Equipo_09
785;Jugador_785;17;173;70;MID;ITA;1142904;2030;Right;15;Equipo_15
786;Jugador_786;27;192;64;FWD;POR;1473700;2026;Right;8;Equipo_08
787;Jugador_787;29;167;65;DEF;GER;1098947;2030;Right;20;Equipo_20
788;Jugador_788;28;188;73;MID;POR;917244;2026;Right;2;Equipo_02
789;Jugador_789;20;182;90;FWD;CRO;1165807;2028;Right;8;Equipo_08
790;Jugador_790;23;182;78;FWD;NED;1200976;2030;Both;20;Equipo_20
791;Jugador_791;20;174;79;DEF;ARG;809592;2026;Right;7;Equipo_07
792;Jugador_792;26;165;76;DEF;ARG;914472;2027;Right;15;Equipo_15
793;Jugador_793;20;196;66;MID;GER;933824;2029;Right;12;Equipo_12
794;Jugador_794;21;173;87;FWD;GER;1024455;2029;Right;19;Equipo_19
795;Jugador_795;26;188;67;FWD;GER;1111384;2029;Right;9;Equipo_09
796;Jugador_796;26;177;75;MID;ESP;1179757;2026;Right;15;Equipo_15
797;Jugador_797;27;177;73;DEF;ITA;656558;2029;Right;8;Equipo_08
798;Jugador_798;17;178;83;MID;ENG;683561;2026;Right;8;Equipo_08
799;Jugador_799;28;175;63;DEF;NED;693098;2028;Right;18;Equipo_18
800;Jugador_800;23;197;64;DEF;ENG;543812;2027;Right;12;Equipo_12
